date,ticker,setup,direction,price,take_profit,stop_loss,outcome
2022-11-02,GOOGL,Lower BB Breakdown,PUT,86.257080078125,78.32,92.21,LOSS
2022-11-03,GOOGL,Lower BB Breakdown,PUT,82.74610900878906,74.91,88.62,LOSS
2023-07-21,GOOGL,EMA21 Pullback,CALL,119.0361557006836,125.26,114.36,WIN
2023-07-24,GOOGL,EMA21 Pullback,CALL,120.5337905883789,126.99,115.69,WIN
2023-10-27,GOOGL,Lower BB Breakdown,PUT,121.16853332519531,113.67,126.79,LOSS
2024-02-05,GOOGL,EMA21 Pullback,CALL,142.50221252441406,149.69,137.11,UNKNOWN
2024-03-04,GOOGL,Lower BB Breakdown,PUT,132.25692749023438,125.89,137.03,LOSS
2024-04-16,GOOGL,EMA21 Pullback,CALL,153.13433837890625,159.51,148.35,WIN
2024-06-07,GOOGL,EMA21 Pullback,CALL,173.0299072265625,178.9,168.62,WIN
2024-06-13,GOOGL,EMA21 Pullback,CALL,173.92355346679688,180.03,169.35,WIN
2024-07-24,GOOGL,Lower BB Breakdown,PUT,171.41139221191406,162.77,177.89,WIN
2024-07-25,GOOGL,Lower BB Breakdown,PUT,166.0991668701172,157.29,172.71,LOSS
2024-07-26,GOOGL,Lower BB Breakdown,PUT,165.82113647460938,156.84,172.56,LOSS
2024-08-05,GOOGL,Lower BB Breakdown,PUT,158.1258544921875,147.63,166.0,UNKNOWN
2024-09-06,GOOGL,Lower BB Breakdown,PUT,149.8546600341797,142.42,155.43,LOSS
2024-09-09,GOOGL,Lower BB Breakdown,PUT,147.856201171875,140.08,153.69,LOSS
2024-10-21,GOOGL,EMA21 Pullback,CALL,163.12802124023438,169.04,158.69,WIN
2025-01-28,GOOGL,EMA21 Pullback,CALL,194.40126037597656,204.38,186.92,WIN
2025-02-06,GOOGL,VWAP Bounce,CALL,190.71829223632812,202.28,182.05,LOSS
2025-04-03,GOOGL,Lower BB Breakdown,PUT,150.19918823242188,140.6,157.4,WIN
2025-04-04,GOOGL,Lower BB Breakdown,PUT,145.09689331054688,135.06,152.62,LOSS
2025-04-07,GOOGL,Lower BB Breakdown,PUT,146.24290466308594,135.53,154.28,LOSS
2025-04-08,GOOGL,Lower BB Breakdown,PUT,144.19998168945312,132.92,152.66,LOSS
2022-09-15,META,Lower BB Breakdown,PUT,148.3855438232422,134.79,158.59,WIN
2022-10-27,META,Lower BB Breakdown,PUT,97.17740631103516,80.3,109.84,LOSS
2022-10-28,META,Lower BB Breakdown,PUT,98.4275894165039,81.67,110.99,LOSS
2022-10-31,META,Lower BB Breakdown,PUT,92.43462371826172,75.69,104.99,LOSS
2022-11-01,META,Lower BB Breakdown,PUT,94.458740234375,77.59,107.11,LOSS
2023-08-18,META,Lower BB Breakdown,PUT,281.04449462890625,264.03,293.8,LOSS
2024-04-25,META,Lower BB Breakdown,PUT,438.40789794921875,395.98,470.23,LOSS
2024-04-26,META,Lower BB Breakdown,PUT,440.3050842285156,397.61,472.32,LOSS
2024-09-06,META,Lower BB Breakdown,PUT,497.39471435546875,472.73,515.9,LOSS
2025-02-25,META,Oversold Multi-Confirmation,CALL,654.87255859375,690.18,628.39,LOSS
2025-03-10,META,Lower BB Breakdown,PUT,595.6002807617188,541.79,635.96,UNKNOWN
2025-04-03,META,Lower BB Breakdown,PUT,529.9666137695312,482.59,565.5,WIN
2025-04-04,META,Lower BB Breakdown,PUT,503.1602783203125,452.6,541.08,LOSS
2025-04-07,META,Lower BB Breakdown,PUT,514.6444091796875,460.21,555.47,LOSS
2025-10-01,META,Lower BB Breakdown,PUT,716.142333984375,681.99,741.76,UNKNOWN
2025-10-03,META,Lower BB Breakdown,PUT,709.3735961914062,675.88,734.49,UNKNOWN
2025-11-03,META,Lower BB Breakdown,PUT,636.645263671875,592.05,670.09,UNKNOWN
2025-11-04,META,Lower BB Breakdown,PUT,626.2725830078125,581.61,659.77,UNKNOWN
2026-03-20,META,Lower BB Breakdown,PUT,593.6599731445312,557.78,620.57,WIN
2022-11-01,AMZN,Lower BB Breakdown,PUT,96.79000091552734,84.43,106.06,UNKNOWN
2022-11-02,AMZN,Lower BB Breakdown,PUT,92.12000274658203,80.1,101.14,LOSS
2022-11-03,AMZN,Lower BB Breakdown,PUT,89.30000305175781,77.83,97.9,LOSS
2023-07-11,AMZN,EMA21 Pullback,CALL,128.77999877929688,134.83,124.24,WIN
2023-07-24,AMZN,EMA21 Pullback,CALL,128.8000030517578,135.05,124.12,WIN
2024-01-09,AMZN,EMA21 Pullback,CALL,151.3699951171875,156.72,147.36,WIN
2024-04-23,AMZN,EMA21 Pullback,CALL,179.5399932861328,188.06,173.15,LOSS
2024-05-31,AMZN,Lower BB Breakdown,PUT,176.44000244140625,169.58,181.58,LOSS
2024-08-02,AMZN,Lower BB Breakdown,PUT,167.89999389648438,153.95,178.36,WIN
2024-08-05,AMZN,Lower BB Breakdown,PUT,161.02000427246094,145.37,172.76,LOSS
2025-02-10,AMZN,EMA21 Pullback,CALL,233.13999938964844,244.98,224.26,LOSS
2025-02-13,AMZN,EMA21 Pullback,CALL,230.3699951171875,242.01,221.64,LOSS
2025-02-21,AMZN,Lower BB Breakdown,PUT,216.5800018310547,206.07,224.46,WIN
2025-02-25,AMZN,Lower BB Breakdown,PUT,212.8000030517578,201.86,221.0,WIN
2025-04-03,AMZN,Lower BB Breakdown,PUT,178.41000366210938,163.86,189.32,WIN
2025-04-04,AMZN,Lower BB Breakdown,PUT,171.0,155.35,182.74,LOSS
2025-04-08,AMZN,Lower BB Breakdown,PUT,170.66000366210938,150.86,185.51,LOSS
2025-04-28,AMZN,OBV Divergence,PUT,187.6999969482422,168.34,202.22,LOSS
2025-09-03,AMZN,EMA21 Pullback,CALL,225.99000549316406,235.3,219.01,WIN
2025-09-19,AMZN,EMA21 Pullback,CALL,231.47999572753906,241.98,223.61,LOSS
2026-01-15,AMZN,EMA21 Pullback,CALL,238.17999267578125,248.96,230.09,LOSS
2026-01-22,AMZN,EMA21 Pullback,CALL,234.33999633789062,247.14,224.74,WIN
2026-02-06,AMZN,Lower BB Breakdown,PUT,210.32000732421875,193.9,222.63,UNKNOWN
2026-02-09,AMZN,Lower BB Breakdown,PUT,208.72000122070312,192.35,221.0,UNKNOWN
2026-02-12,AMZN,Lower BB Breakdown,PUT,199.60000610351562,182.87,212.15,UNKNOWN
2026-03-05,AMZN,Overbought Multi-Confirmation,PUT,218.94000244140625,207.44,227.56,WIN
2023-01-04,MSFT,Lower BB Breakdown,PUT,223.2408447265625,209.48,233.56,LOSS
2023-06-08,MSFT,EMA21 Pullback,CALL,318.4299621582031,331.22,308.84,WIN
2023-07-11,MSFT,EMA21 Pullback,CALL,325.48858642578125,337.87,316.2,WIN
2023-07-24,MSFT,EMA21 Pullback,CALL,337.8631896972656,355.52,324.62,LOSS
2023-10-27,MSFT,EMA21 Pullback,CALL,323.56805419921875,338.56,312.32,WIN
2024-04-19,MSFT,Lower BB Breakdown,PUT,393.08660888671875,378.34,404.15,LOSS
2024-04-30,MSFT,Lower BB Breakdown,PUT,383.44464111328125,364.77,397.45,LOSS
2024-05-31,MSFT,EMA21 Pullback,CALL,409.59210205078125,424.12,398.7,WIN
2024-06-05,MSFT,EMA21 Pullback,CALL,418.3536376953125,433.0,407.37,WIN
2024-07-15,MSFT,EMA21 Pullback,CALL,447.9040832519531,462.08,437.27,LOSS
2024-07-24,MSFT,Lower BB Breakdown,PUT,423.1783752441406,405.79,436.22,WIN
2024-07-25,MSFT,Lower BB Breakdown,PUT,412.8184509277344,395.02,426.17,LOSS
2024-08-05,MSFT,Lower BB Breakdown,PUT,389.8785705566406,366.79,407.19,LOSS
2025-03-10,MSFT,Lower BB Breakdown,PUT,377.2717590332031,355.96,393.25,UNKNOWN
2025-04-04,MSFT,Lower BB Breakdown,PUT,357.1061706542969,339.63,370.22,LOSS
2025-04-07,MSFT,Lower BB Breakdown,PUT,355.14117431640625,335.02,370.23,LOSS
2025-04-08,MSFT,Lower BB Breakdown,PUT,351.8662414550781,329.3,368.79,LOSS
2025-09-05,MSFT,Lower BB Breakdown,PUT,492.9501647949219,477.91,504.23,LOSS
2025-10-21,MSFT,EMA21 Pullback,CALL,515.5162963867188,531.65,503.41,WIN
2025-10-22,MSFT,EMA21 Pullback,CALL,518.3843994140625,534.05,506.64,WIN
2025-10-23,MSFT,EMA21 Pullback,CALL,518.404296875,534.04,506.67,WIN
2026-01-16,MSFT,Lower BB Breakdown,PUT,458.8127746582031,442.37,471.14,WIN
2026-01-21,MSFT,Lower BB Breakdown,PUT,443.0986328125,424.08,457.36,LOSS
2026-01-29,MSFT,Lower BB Breakdown,PUT,432.5128173828125,404.06,453.85,WIN
2026-01-30,MSFT,Lower BB Breakdown,PUT,429.31011962890625,400.07,451.24,WIN
2026-02-03,MSFT,Lower BB Breakdown,PUT,410.2735595703125,380.07,432.93,UNKNOWN
2026-02-05,MSFT,Lower BB Breakdown,PUT,392.7735290527344,361.06,416.56,LOSS
2022-08-25,JPM,EMA21 Pullback,CALL,108.63652038574219,113.33,105.12,LOSS
2022-12-06,JPM,EMA21 Pullback,CALL,121.66494750976562,126.72,117.87,WIN
2023-02-01,JPM,EMA21 Pullback,CALL,130.014892578125,135.73,125.73,UNKNOWN
2023-02-02,JPM,EMA21 Pullback,CALL,129.4094696044922,135.23,125.04,UNKNOWN
2023-02-23,JPM,EMA21 Pullback,CALL,130.08941650390625,135.02,126.39,LOSS
2023-02-24,JPM,EMA21 Pullback,CALL,131.26296997070312,135.96,127.74,LOSS
2023-02-27,JPM,EMA21 Pullback,CALL,132.40858459472656,137.13,128.87,LOSS
2023-03-09,JPM,Lower BB Breakdown,PUT,121.3993911743164,115.89,125.53,LOSS
2023-03-15,JPM,Lower BB Breakdown,PUT,119.46205139160156,112.17,124.93,UNKNOWN
2023-03-17,JPM,Lower BB Breakdown,PUT,117.18010711669922,109.04,123.29,UNKNOWN
2023-10-27,JPM,Lower BB Breakdown,PUT,129.19537353515625,123.76,133.27,LOSS
2024-04-16,JPM,Lower BB Breakdown,PUT,174.21804809570312,166.99,179.64,LOSS
2024-09-09,JPM,EMA21 Pullback,CALL,210.0747528076172,217.22,204.71,LOSS
2024-12-18,JPM,Lower BB Breakdown,PUT,224.5813751220703,216.79,230.43,LOSS
2024-12-19,JPM,Lower BB Breakdown,PUT,227.10629272460938,218.8,233.34,LOSS
2025-03-04,JPM,Lower BB Breakdown,PUT,245.2218017578125,232.06,255.09,WIN
2025-03-07,JPM,Lower BB Breakdown,PUT,237.4119415283203,222.72,248.43,WIN
2025-03-10,JPM,Lower BB Breakdown,PUT,227.5540771484375,211.52,239.58,LOSS
2025-03-11,JPM,Lower BB Breakdown,PUT,224.5359649658203,207.99,236.94,LOSS
2025-10-06,JPM,EMA21 Pullback,CALL,307.7916259765625,318.23,299.97,LOSS
2025-11-04,JPM,EMA21 Pullback,CALL,307.861328125,320.67,298.25,WIN
2025-12-10,JPM,EMA21 Pullback,CALL,308.7174377441406,323.75,297.44,WIN
2026-03-12,JPM,Lower BB Breakdown,PUT,282.8900146484375,265.41,296.0,LOSS
2022-08-25,SPY,EMA21 Pullback,CALL,398.68603515625,409.25,390.76,LOSS
2022-08-30,SPY,Lower BB Breakdown,PUT,378.44342041015625,366.51,387.39,LOSS
2022-09-23,SPY,Lower BB Breakdown,PUT,351.1219177246094,335.85,362.57,UNKNOWN
2023-02-24,SPY,Lower BB Breakdown,PUT,379.9886169433594,368.72,388.44,LOSS
2023-03-10,SPY,Lower BB Breakdown,PUT,369.95159912109375,358.55,378.5,LOSS
2023-03-13,SPY,Lower BB Breakdown,PUT,369.42431640625,357.84,378.11,LOSS
2023-04-27,SPY,EMA21 Pullback,CALL,396.8646240234375,404.86,390.87,LOSS
2023-08-03,SPY,EMA21 Pullback,CALL,433.5258483886719,440.87,428.02,LOSS
2023-08-17,SPY,Lower BB Breakdown,PUT,421.404052734375,412.36,428.19,LOSS
2023-08-18,SPY,Lower BB Breakdown,PUT,421.6068115234375,412.22,428.64,LOSS
2023-09-22,SPY,Lower BB Breakdown,PUT,417.20074462890625,409.38,423.07,WIN
2023-09-27,SPY,Lower BB Breakdown,PUT,412.9649353027344,404.42,419.38,LOSS
2024-01-05,SPY,EMA21 Pullback,CALL,455.38787841796875,462.8,449.83,WIN
2024-01-08,SPY,EMA21 Pullback,CALL,461.8890075683594,469.79,455.96,WIN
2024-04-09,SPY,EMA21 Pullback,CALL,506.98162841796875,515.54,500.56,LOSS
2024-04-19,SPY,Lower BB Breakdown,PUT,483.3955993652344,470.15,493.33,LOSS
2024-06-07,SPY,EMA21 Pullback,CALL,521.3226318359375,530.71,514.28,WIN
2024-08-02,SPY,Lower BB Breakdown,PUT,521.9172973632812,504.62,534.89,WIN
2024-08-05,SPY,Lower BB Breakdown,PUT,506.7171325683594,486.76,521.69,LOSS
2024-08-06,SPY,Lower BB Breakdown,PUT,511.388916015625,490.85,526.79,LOSS
2024-10-24,SPY,EMA21 Pullback,CALL,569.042236328125,578.68,561.81,LOSS
2024-10-29,SPY,EMA21 Pullback,CALL,571.5277709960938,580.75,564.61,LOSS
2024-11-18,SPY,EMA21 Pullback,CALL,577.7955322265625,590.44,568.31,WIN
2025-01-28,SPY,EMA21 Pullback,CALL,595.8760375976562,610.4,584.98,LOSS
2025-02-13,SPY,EMA21 Pullback,CALL,601.0115356445312,614.71,590.74,LOSS
2025-02-27,SPY,Lower BB Breakdown,PUT,576.6843872070312,563.83,586.32,LOSS
2025-03-03,SPY,Lower BB Breakdown,PUT,575.4227905273438,560.19,586.85,WIN
2025-03-04,SPY,Lower BB Breakdown,PUT,568.611572265625,552.01,581.06,WIN
2025-03-06,SPY,Lower BB Breakdown,PUT,564.52099609375,546.34,578.15,WIN
2025-03-10,SPY,Lower BB Breakdown,PUT,552.5643920898438,530.58,569.05,UNKNOWN
2025-03-11,SPY,Lower BB Breakdown,PUT,547.9710083007812,524.81,565.34,LOSS
2025-04-04,SPY,Lower BB Breakdown,PUT,499.5533447265625,475.69,517.45,LOSS
2025-04-07,SPY,Lower BB Breakdown,PUT,498.6635437011719,470.1,520.09,LOSS
2025-04-08,SPY,Lower BB Breakdown,PUT,490.8531188964844,458.63,515.02,LOSS
2025-08-15,SPY,EMA21 Pullback,CALL,638.0281372070312,650.46,628.71,LOSS
2025-09-04,SPY,EMA21 Pullback,CALL,643.6603393554688,653.95,635.95,WIN
2025-10-13,SPY,EMA21 Pullback,CALL,659.2860107421875,672.06,649.71,LOSS
2025-11-18,SPY,Lower BB Breakdown,PUT,656.3427734375,639.28,669.14,LOSS
2025-11-20,SPY,Lower BB Breakdown,PUT,648.8355712890625,629.1,663.64,LOSS
2025-12-19,SPY,EMA21 Pullback,CALL,678.7363891601562,691.26,669.34,UNKNOWN
2025-12-22,SPY,EMA21 Pullback,CALL,682.96484375,695.53,673.54,UNKNOWN
2025-12-23,SPY,EMA21 Pullback,CALL,686.0863037109375,698.53,676.75,UNKNOWN
2025-12-29,SPY,EMA21 Pullback,CALL,685.9765625,697.93,677.01,UNKNOWN
2026-01-02,SPY,EMA21 Pullback,CALL,681.309326171875,692.87,672.64,WIN
2026-01-15,SPY,EMA21 Pullback,CALL,690.3546142578125,700.2,682.97,LOSS
2026-01-21,SPY,VWAP Bounce,CALL,683.5332641601562,696.48,673.82,UNKNOWN
2026-01-22,SPY,EMA21 Pullback,CALL,687.103515625,700.06,677.38,LOSS
2026-02-02,SPY,EMA21 Pullback,CALL,693.5159912109375,707.32,683.16,LOSS
2026-03-20,SPY,Lower BB Breakdown,PUT,648.5700073242188,627.79,664.16,UNKNOWN
2022-09-01,NVDA,Lower BB Breakdown,PUT,13.914615631103516,12.18,15.21,UNKNOWN
2023-05-04,NVDA,EMA21 Pullback,CALL,27.53761863708496,29.24,26.26,WIN
2024-01-04,NVDA,EMA21 Pullback,CALL,47.96868133544922,50.24,46.26,WIN
2024-01-05,NVDA,EMA21 Pullback,CALL,49.0670051574707,51.38,47.33,WIN
2024-04-19,NVDA,Lower BB Breakdown,PUT,76.15702056884766,68.47,81.92,LOSS
2024-07-30,NVDA,Lower BB Breakdown,PUT,103.68000793457031,90.91,113.26,LOSS
2025-04-04,NVDA,Lower BB Breakdown,PUT,94.28778076171875,83.69,102.23,LOSS
2025-04-07,NVDA,Lower BB Breakdown,PUT,97.61698913574219,85.58,106.65,LOSS
2025-04-28,NVDA,OBV Divergence,PUT,108.70438385009766,93.82,119.87,LOSS
2025-10-17,NVDA,EMA21 Pullback,CALL,183.19989013671875,195.14,174.25,WIN
2026-01-13,NVDA,EMA21 Pullback,CALL,185.79994201660156,195.21,178.74,LOSS
2026-01-15,NVDA,EMA21 Pullback,CALL,187.03988647460938,196.81,179.71,LOSS
2026-02-18,NVDA,EMA21 Pullback,CALL,187.96981811523438,202.72,176.91,LOSS
2022-08-10,V,EMA21 Pullback,CALL,206.106689453125,217.21,197.78,UNKNOWN
2022-09-16,V,Lower BB Breakdown,PUT,188.17059326171875,179.18,194.91,WIN
2022-09-23,V,Lower BB Breakdown,PUT,179.0784454345703,170.53,185.49,WIN
2022-09-26,V,Lower BB Breakdown,PUT,175.79788208007812,167.12,182.31,LOSS
2022-09-27,V,Lower BB Breakdown,PUT,173.15003967285156,163.92,180.07,LOSS
2023-05-18,V,EMA21 Pullback,CALL,228.80108642578125,235.95,223.44,LOSS
2023-05-30,V,Lower BB Breakdown,PUT,217.0867462158203,209.49,222.78,LOSS
2023-07-21,V,EMA21 Pullback,CALL,234.33499145507812,240.41,229.78,LOSS
2023-08-25,V,EMA21 Pullback,CALL,238.03353881835938,244.89,232.89,UNKNOWN
2023-12-21,V,EMA21 Pullback,CALL,255.22837829589844,261.71,250.36,UNKNOWN
2024-05-14,V,EMA21 Pullback,CALL,273.6352844238281,281.0,268.11,LOSS
2024-06-28,V,Lower BB Breakdown,PUT,259.0695495605469,250.49,265.5,LOSS
2024-07-24,V,Lower BB Breakdown,PUT,250.87710571289062,241.27,258.08,LOSS
2024-12-05,V,EMA21 Pullback,CALL,306.2686462402344,314.26,300.28,WIN
2024-12-19,V,EMA21 Pullback,CALL,312.0158996582031,321.31,305.04,UNKNOWN
2025-01-08,V,EMA21 Pullback,CALL,309.7566223144531,319.93,302.13,LOSS
2025-01-13,V,Lower BB Breakdown,PUT,304.1283264160156,295.19,310.83,LOSS
2025-03-05,V,EMA21 Pullback,CALL,350.06011962890625,362.07,341.06,LOSS
2025-03-07,V,EMA21 Pullback,CALL,342.75482177734375,356.43,332.5,LOSS
2025-03-11,V,Lower BB Breakdown,PUT,329.6726989746094,314.26,341.23,LOSS
2025-06-16,V,VWAP Bounce,CALL,353.42529296875,366.82,343.38,LOSS
2025-06-17,V,EMA21 Pullback,CALL,355.77166748046875,369.65,345.36,LOSS
2025-06-20,V,Lower BB Breakdown,PUT,336.6130676269531,320.47,348.72,LOSS
2025-08-01,V,Lower BB Breakdown,PUT,337.3885498046875,327.09,345.11,WIN
2025-08-07,V,Lower BB Breakdown,PUT,330.1705017089844,317.42,339.73,LOSS
2025-10-23,V,EMA21 Pullback,CALL,344.5655517578125,357.61,334.78,LOSS
2025-11-18,V,Lower BB Breakdown,PUT,320.51904296875,307.78,330.08,LOSS
2026-01-14,V,Lower BB Breakdown,PUT,328.4926452636719,314.7,338.84,UNKNOWN
2026-02-23,V,Lower BB Breakdown,PUT,306.5199890136719,290.84,318.28,LOSS
2022-08-31,MA,Lower BB Breakdown,PUT,317.7268371582031,303.5,328.39,LOSS
2022-09-22,MA,Lower BB Breakdown,PUT,292.24951171875,277.35,303.43,WIN
2022-09-23,MA,Lower BB Breakdown,PUT,287.5673828125,272.81,298.64,LOSS
2022-09-26,MA,Lower BB Breakdown,PUT,284.16845703125,269.44,295.22,LOSS
2022-09-27,MA,Lower BB Breakdown,PUT,280.6128234863281,265.05,292.29,LOSS
2023-02-02,MA,EMA21 Pullback,CALL,368.4506530761719,383.36,357.27,LOSS
2023-03-10,MA,Lower BB Breakdown,PUT,341.1023254394531,328.44,350.6,LOSS
2023-05-31,MA,Lower BB Breakdown,PUT,359.26507568359375,345.06,369.92,LOSS
2023-06-23,MA,EMA21 Pullback,CALL,373.8219299316406,387.45,363.6,WIN
2023-10-26,MA,Lower BB Breakdown,PUT,359.88177490234375,343.2,372.39,LOSS
2023-10-27,MA,Lower BB Breakdown,PUT,359.3783264160156,342.68,371.9,LOSS
2024-01-05,MA,EMA21 Pullback,CALL,414.0037536621094,424.05,406.47,WIN
2024-02-21,MA,EMA21 Pullback,CALL,453.8360900878906,466.98,443.98,WIN
2024-03-05,MA,EMA21 Pullback,CALL,462.20989990234375,476.68,451.36,WIN
2024-04-05,MA,EMA21 Pullback,CALL,471.73052978515625,485.34,461.52,LOSS
2024-04-08,MA,EMA21 Pullback,CALL,474.0669250488281,487.74,463.82,LOSS
2024-05-01,MA,Lower BB Breakdown,PUT,437.6543273925781,423.2,448.49,LOSS
2024-05-02,MA,Lower BB Breakdown,PUT,436.69403076171875,422.35,447.45,LOSS
2024-11-01,MA,EMA21 Pullback,CALL,504.4197998046875,520.49,492.37,WIN
2024-12-05,MA,EMA21 Pullback,CALL,520.9896240234375,535.47,510.13,UNKNOWN
2024-12-16,MA,EMA21 Pullback,CALL,526.4895629882812,541.11,515.52,UNKNOWN
2024-12-17,MA,EMA21 Pullback,CALL,527.1845703125,541.99,516.08,LOSS
2024-12-23,MA,EMA21 Pullback,CALL,525.1494140625,542.42,512.2,LOSS
2025-02-25,MA,EMA21 Pullback,CALL,560.7920532226562,574.7,550.36,WIN
2025-02-27,MA,EMA21 Pullback,CALL,561.5775756835938,576.56,550.34,WIN
2025-03-05,MA,EMA21 Pullback,CALL,555.094970703125,574.36,540.65,LOSS
2025-03-10,MA,Lower BB Breakdown,PUT,534.0364990234375,511.06,551.27,UNKNOWN
2025-03-11,MA,Lower BB Breakdown,PUT,522.7815551757812,498.14,541.26,LOSS
2025-06-16,MA,EMA21 Pullback,CALL,566.3021850585938,585.52,551.89,LOSS
2025-06-16,MA,VWAP Bounce,CALL,566.3021850585938,585.52,551.89,LOSS
2025-06-20,MA,Lower BB Breakdown,PUT,530.7507934570312,506.56,548.89,LOSS
2025-09-11,MA,VWAP Bounce,CALL,587.0719604492188,604.49,574.01,LOSS
2025-11-18,MA,Lower BB Breakdown,PUT,526.7887573242188,506.16,542.26,LOSS
2026-01-05,MA,EMA21 Pullback,CALL,567.7172241210938,582.61,556.55,WIN
2026-01-21,MA,Lower BB Breakdown,PUT,527.5700073242188,501.54,547.09,LOSS
2026-02-23,MA,Lower BB Breakdown,PUT,496.0299987792969,467.02,517.79,LOSS
2022-07-21,AVGO,Overbought Multi-Confirmation,PUT,48.5764045715332,45.94,50.55,LOSS
2022-09-01,AVGO,Lower BB Breakdown,PUT,46.16766357421875,43.17,48.41,LOSS
2022-09-29,AVGO,Lower BB Breakdown,PUT,42.5920295715332,39.92,44.6,LOSS
2022-11-01,AVGO,OBV Divergence,PUT,44.2734489440918,41.42,46.42,LOSS
2023-09-21,AVGO,Lower BB Breakdown,PUT,78.52084350585938,74.11,81.83,LOSS
2024-04-19,AVGO,Lower BB Breakdown,PUT,118.0594253540039,108.23,125.44,LOSS
2024-09-09,AVGO,Lower BB Breakdown,PUT,138.4392852783203,123.28,149.81,LOSS
2025-01-27,AVGO,Lower BB Breakdown,PUT,199.9005126953125,178.42,216.01,LOSS
2025-01-28,AVGO,Lower BB Breakdown,PUT,205.07284545898438,183.33,221.38,LOSS
2025-03-03,AVGO,Lower BB Breakdown,PUT,185.30332946777344,165.61,200.07,UNKNOWN
2025-04-03,AVGO,Lower BB Breakdown,PUT,152.7721405029297,136.45,165.02,LOSS
2025-04-04,AVGO,Lower BB Breakdown,PUT,145.1141815185547,127.99,157.96,LOSS
2026-02-04,AVGO,Lower BB Breakdown,PUT,307.4051513671875,278.65,328.97,LOSS
2022-09-23,NOW,Lower BB Breakdown,PUT,75.40799713134766,68.93,80.26,LOSS
2022-09-26,NOW,Lower BB Breakdown,PUT,74.0199966430664,67.5,78.91,LOSS
2023-01-05,NOW,Lower BB Breakdown,PUT,73.26399993896484,67.31,77.73,LOSS
2023-07-28,NOW,EMA21 Pullback,CALL,113.90799713134766,120.6,108.89,LOSS
2023-09-26,NOW,Lower BB Breakdown,PUT,108.9260025024414,104.03,112.6,LOSS
2024-03-19,NOW,EMA21 Pullback,CALL,151.38800048828125,161.07,144.13,UNKNOWN
2024-04-19,NOW,Lower BB Breakdown,PUT,142.78199768066406,134.78,148.78,LOSS
2024-04-30,NOW,Lower BB Breakdown,PUT,138.66600036621094,130.05,145.13,LOSS
2024-09-06,NOW,EMA21 Pullback,CALL,165.00799560546875,172.95,159.05,WIN
2025-01-13,NOW,Lower BB Breakdown,PUT,203.1479949951172,192.63,211.04,LOSS
2025-03-06,NOW,Lower BB Breakdown,PUT,173.41799926757812,160.74,182.92,WIN
2025-03-07,NOW,Lower BB Breakdown,PUT,170.12600708007812,157.04,179.94,WIN
2025-03-10,NOW,Lower BB Breakdown,PUT,156.76600646972656,142.27,167.63,LOSS
2025-04-04,NOW,Lower BB Breakdown,PUT,144.3300018310547,131.52,153.93,LOSS
2025-04-07,NOW,Lower BB Breakdown,PUT,147.10000610351562,132.65,157.93,LOSS
2025-06-20,NOW,Lower BB Breakdown,PUT,194.28199768066406,186.5,200.12,LOSS
2025-08-07,NOW,Lower BB Breakdown,PUT,174.82400512695312,162.47,184.09,UNKNOWN
2025-08-11,NOW,Lower BB Breakdown,PUT,171.2740020751953,158.32,180.99,UNKNOWN
2025-08-29,NOW,OBV Divergence,PUT,183.49200439453125,174.42,190.29,LOSS
2026-01-14,NOW,Lower BB Breakdown,PUT,134.61000061035156,126.61,140.61,WIN
2026-01-15,NOW,Lower BB Breakdown,PUT,131.1699981689453,122.61,137.59,WIN
2026-01-16,NOW,Lower BB Breakdown,PUT,127.30999755859375,118.43,133.97,LOSS
2026-01-20,NOW,Lower BB Breakdown,PUT,125.4000015258789,116.4,132.15,LOSS
2026-01-29,NOW,Lower BB Breakdown,PUT,116.7300033569336,105.34,125.27,WIN
2026-02-03,NOW,Lower BB Breakdown,PUT,109.7699966430664,98.08,118.53,WIN
2026-02-05,NOW,Lower BB Breakdown,PUT,102.62999725341797,90.32,111.86,UNKNOWN
2026-02-06,NOW,Lower BB Breakdown,PUT,100.73999786376953,88.35,110.03,LOSS
2026-02-27,NOW,OBV Divergence,PUT,108.01000213623047,97.7,115.74,LOSS
2022-09-28,NFLX,EMA Cross Confirmed,CALL,24.520000457763672,27.01,22.65,LOSS
2022-10-05,NFLX,EMA21 Pullback,CALL,23.67300033569336,26.07,21.88,LOSS
2023-02-23,NFLX,Lower BB Breakdown,PUT,32.3650016784668,29.93,34.19,WIN
2023-10-18,NFLX,Lower BB Breakdown,PUT,34.61899948120117,32.4,36.28,LOSS
2024-01-09,NFLX,EMA21 Pullback,CALL,48.20899963378906,50.29,46.65,WIN
2024-04-19,NFLX,Lower BB Breakdown,PUT,55.50400161743164,51.7,58.36,UNKNOWN
2024-04-22,NFLX,Lower BB Breakdown,PUT,55.459999084472656,51.55,58.39,LOSS
2024-07-17,NFLX,Lower BB Breakdown,PUT,64.74600219726562,61.82,66.94,LOSS
2024-07-18,NFLX,Lower BB Breakdown,PUT,64.30400085449219,61.28,66.57,LOSS
2024-07-19,NFLX,Lower BB Breakdown,PUT,63.33399963378906,59.8,65.99,UNKNOWN
2025-01-10,NFLX,Lower BB Breakdown,PUT,83.76899719238281,79.41,87.04,LOSS
2025-03-06,NFLX,Lower BB Breakdown,PUT,90.63600158691406,83.67,95.86,LOSS
2025-03-07,NFLX,Lower BB Breakdown,PUT,89.11100006103516,81.79,94.6,LOSS
2025-03-10,NFLX,Lower BB Breakdown,PUT,86.66799926757812,79.37,92.14,LOSS
2025-07-18,NFLX,Lower BB Breakdown,PUT,120.92400360107422,114.31,125.88,UNKNOWN
2025-07-22,NFLX,Lower BB Breakdown,PUT,119.00800323486328,112.28,124.05,UNKNOWN
2025-09-03,NFLX,EMA21 Pullback,CALL,122.61799621582031,127.99,118.59,LOSS
2025-11-13,NFLX,OBV Divergence,PUT,115.4229965209961,110.18,119.36,WIN
2025-12-05,NFLX,Lower BB Breakdown,PUT,100.23999786376953,92.2,106.27,UNKNOWN
2025-12-08,NFLX,Lower BB Breakdown,PUT,96.79000091552734,88.37,103.1,UNKNOWN
2025-12-10,NFLX,Lower BB Breakdown,PUT,92.70999908447266,85.02,98.47,UNKNOWN
2026-01-09,NFLX,Lower BB Breakdown,PUT,89.45999908447266,85.84,92.17,WIN
2026-01-14,NFLX,Lower BB Breakdown,PUT,88.55000305175781,84.88,91.3,WIN
2026-01-21,NFLX,Lower BB Breakdown,PUT,85.36000061035156,80.78,88.8,WIN
2026-01-22,NFLX,Lower BB Breakdown,PUT,83.54000091552734,78.77,87.11,UNKNOWN
2026-02-12,NFLX,Lower BB Breakdown,PUT,75.86000061035156,70.86,79.61,LOSS
2022-08-25,CRM,Lower BB Breakdown,PUT,171.8223114013672,160.08,180.63,WIN
2022-08-26,CRM,Lower BB Breakdown,PUT,163.2465057373047,150.61,172.73,WIN
2022-08-29,CRM,Lower BB Breakdown,PUT,158.28677368164062,146.23,167.33,UNKNOWN
2022-08-31,CRM,Lower BB Breakdown,PUT,154.245849609375,142.59,162.99,LOSS
2022-09-01,CRM,Lower BB Breakdown,PUT,151.68695068359375,139.93,160.51,LOSS
2022-10-06,CRM,OBV Divergence,PUT,153.5937957763672,143.37,161.26,WIN
2022-12-06,CRM,Lower BB Breakdown,PUT,131.670166015625,118.3,141.7,UNKNOWN
2023-08-09,CRM,Lower BB Breakdown,PUT,203.38877868652344,194.75,209.87,UNKNOWN
2024-04-15,CRM,Lower BB Breakdown,PUT,269.9761962890625,254.3,281.74,UNKNOWN
2024-04-16,CRM,Lower BB Breakdown,PUT,274.4378662109375,258.05,286.73,UNKNOWN
2024-05-31,CRM,Lower BB Breakdown,PUT,231.92828369140625,211.34,247.37,UNKNOWN
2025-02-27,CRM,Lower BB Breakdown,PUT,292.9872741699219,276.34,305.47,WIN
2025-04-03,CRM,Lower BB Breakdown,PUT,253.57456970214844,238.7,264.73,WIN
2025-04-04,CRM,Lower BB Breakdown,PUT,239.19842529296875,223.04,251.32,LOSS
2025-04-07,CRM,Lower BB Breakdown,PUT,242.62603759765625,223.89,256.68,LOSS
2025-04-08,CRM,Lower BB Breakdown,PUT,242.407470703125,221.94,257.76,LOSS
2025-04-28,CRM,OBV Divergence,PUT,264.3317565917969,241.99,281.09,LOSS
2025-08-07,CRM,Lower BB Breakdown,PUT,240.07376098632812,228.83,248.51,WIN
2025-08-08,CRM,Lower BB Breakdown,PUT,239.7050018310547,228.11,248.4,WIN
2025-08-11,CRM,Lower BB Breakdown,PUT,231.90121459960938,219.4,241.28,LOSS
2025-08-12,CRM,Lower BB Breakdown,PUT,230.88462829589844,218.21,240.39,LOSS
2025-11-19,CRM,Lower BB Breakdown,PUT,227.5127716064453,212.43,238.82,LOSS
2026-01-14,CRM,Lower BB Breakdown,PUT,239.57000732421875,226.44,249.42,WIN
2026-01-15,CRM,Lower BB Breakdown,PUT,233.52999877929688,219.8,243.82,WIN
2026-01-16,CRM,Lower BB Breakdown,PUT,227.11000061035156,212.82,237.83,WIN
2026-01-20,CRM,Lower BB Breakdown,PUT,220.07000732421875,205.18,231.24,LOSS
2026-01-21,CRM,Lower BB Breakdown,PUT,221.5800018310547,206.48,232.91,LOSS
2026-03-04,CRM,OBV Divergence,PUT,193.0800018310547,176.34,205.64,UNKNOWN
2022-07-19,GS,EMA Cross Confirmed,CALL,289.3281555175781,307.51,275.7,UNKNOWN
2022-09-23,GS,Lower BB Breakdown,PUT,276.7742614746094,259.19,289.96,UNKNOWN
2022-12-15,GS,Lower BB Breakdown,PUT,322.7436218261719,306.6,334.85,UNKNOWN
2022-12-16,GS,Lower BB Breakdown,PUT,319.53314208984375,303.58,331.5,UNKNOWN
2023-02-24,GS,EMA21 Pullback,CALL,335.6781921386719,348.63,325.97,LOSS
2023-02-28,GS,Lower BB Breakdown,PUT,324.42279052734375,310.59,334.79,WIN
2023-03-02,GS,Lower BB Breakdown,PUT,324.3763122558594,310.85,334.52,WIN
2023-03-09,GS,Lower BB Breakdown,PUT,317.86273193359375,303.12,328.92,WIN
2023-03-10,GS,Lower BB Breakdown,PUT,304.4640197753906,288.14,316.71,WIN
2023-03-13,GS,Lower BB Breakdown,PUT,293.16522216796875,276.21,305.88,UNKNOWN
2023-03-14,GS,Lower BB Breakdown,PUT,299.3349914550781,281.59,312.65,WIN
2023-03-15,GS,Lower BB Breakdown,PUT,290.0803527832031,271.07,304.34,UNKNOWN
2023-03-17,GS,Lower BB Breakdown,PUT,282.04296875,261.09,297.76,LOSS
2023-04-04,GS,OBV Divergence,PUT,299.7995300292969,284.69,311.13,LOSS
2023-06-07,GS,EMA Cross Confirmed,CALL,314.34722900390625,326.85,304.97,LOSS
2023-08-16,GS,Lower BB Breakdown,PUT,308.1305236816406,296.4,316.93,UNKNOWN
2023-08-17,GS,Lower BB Breakdown,PUT,306.64190673828125,294.23,315.95,UNKNOWN
2023-10-03,GS,Lower BB Breakdown,PUT,288.995849609375,276.23,298.57,LOSS
2023-10-19,GS,Lower BB Breakdown,PUT,282.4534912109375,268.82,292.68,LOSS
2024-04-15,GS,EMA21 Pullback,CALL,384.2666320800781,401.05,371.68,WIN
2024-04-15,GS,VWAP Bounce,CALL,384.2666320800781,401.05,371.68,WIN
2024-09-04,GS,EMA21 Pullback,CALL,475.9521179199219,494.23,462.24,LOSS
2024-10-04,GS,EMA21 Pullback,CALL,480.3367614746094,498.97,466.36,WIN
2024-11-01,GS,EMA21 Pullback,CALL,503.8025817871094,524.29,488.44,WIN
2024-11-04,GS,EMA21 Pullback,CALL,496.1585388183594,514.4,482.47,WIN
2024-12-18,GS,Lower BB Breakdown,PUT,536.4219360351562,514.34,552.98,LOSS
2024-12-19,GS,Lower BB Breakdown,PUT,540.0679321289062,516.67,557.62,LOSS
2025-03-04,GS,Lower BB Breakdown,PUT,569.3449096679688,529.99,598.86,WIN
2025-03-06,GS,Lower BB Breakdown,PUT,556.1483154296875,513.15,588.4,WIN
2025-03-07,GS,Lower BB Breakdown,PUT,548.3107299804688,504.05,581.51,UNKNOWN
2025-03-10,GS,Lower BB Breakdown,PUT,520.8692016601562,473.11,556.69,LOSS
2025-03-11,GS,Lower BB Breakdown,PUT,520.6438598632812,471.92,557.19,LOSS
2025-04-07,GS,Lower BB Breakdown,PUT,456.0617980957031,405.14,494.25,LOSS
2025-04-08,GS,Lower BB Breakdown,PUT,452.83856201171875,399.02,493.2,LOSS
2025-10-03,GS,EMA21 Pullback,CALL,781.9676513671875,812.62,758.98,LOSS
2025-10-16,GS,Lower BB Breakdown,PUT,750.4011840820312,706.72,783.16,LOSS
2025-10-17,GS,Lower BB Breakdown,PUT,743.1553955078125,698.33,776.77,LOSS
2025-11-19,GS,EMA21 Pullback,CALL,778.0181884765625,822.44,744.7,WIN
2026-03-12,GS,Lower BB Breakdown,PUT,787.52001953125,717.07,840.36,LOSS
2023-07-10,QQQ,EMA21 Pullback,CALL,360.4685363769531,370.2,353.17,WIN
2023-10-26,QQQ,Lower BB Breakdown,PUT,338.6230773925781,326.25,347.9,LOSS
2024-01-05,QQQ,EMA21 Pullback,CALL,391.92181396484375,400.05,385.83,WIN
2024-01-08,QQQ,EMA21 Pullback,CALL,400.0220642089844,408.9,393.36,WIN
2024-03-27,QQQ,EMA21 Pullback,CALL,439.9977111816406,451.09,431.68,LOSS
2024-04-09,QQQ,EMA21 Pullback,CALL,437.4260559082031,447.95,429.54,LOSS
2024-04-11,QQQ,EMA21 Pullback,CALL,440.5318603515625,451.43,432.36,LOSS
2024-04-19,QQQ,Lower BB Breakdown,PUT,410.1455993652344,395.52,421.12,LOSS
2024-07-22,QQQ,EMA21 Pullback,CALL,477.83880615234375,492.21,467.06,LOSS
2024-07-25,QQQ,Lower BB Breakdown,PUT,454.01220703125,437.17,466.64,LOSS
2024-08-05,QQQ,Lower BB Breakdown,PUT,431.3249816894531,406.37,450.04,LOSS
2024-11-26,QQQ,EMA21 Pullback,CALL,505.287109375,517.79,495.91,WIN
2024-12-23,QQQ,EMA21 Pullback,CALL,519.5764770507812,535.36,507.74,LOSS
2025-01-28,QQQ,EMA21 Pullback,CALL,518.523193359375,537.25,504.48,UNKNOWN
2025-03-03,QQQ,Lower BB Breakdown,PUT,493.9190673828125,475.6,507.66,WIN
2025-03-04,QQQ,Lower BB Breakdown,PUT,492.42852783203125,472.42,507.44,WIN
2025-03-06,QQQ,Lower BB Breakdown,PUT,485.1248779296875,463.26,501.52,UNKNOWN
2025-03-10,QQQ,Lower BB Breakdown,PUT,469.7522888183594,443.81,489.21,UNKNOWN
2025-04-03,QQQ,Lower BB Breakdown,PUT,448.4891357421875,426.77,464.78,WIN
2025-04-04,QQQ,Lower BB Breakdown,PUT,420.63397216796875,396.08,439.05,LOSS
2025-04-07,QQQ,Lower BB Breakdown,PUT,421.6490478515625,392.77,443.31,LOSS
2025-04-08,QQQ,Lower BB Breakdown,PUT,414.0557861328125,381.97,438.12,LOSS
2025-08-06,QQQ,EMA21 Pullback,CALL,565.2212524414062,577.83,555.76,WIN
2025-08-28,QQQ,EMA21 Pullback,CALL,574.9451904296875,586.57,566.23,LOSS
2025-10-13,QQQ,EMA21 Pullback,CALL,600.4782104492188,616.08,588.78,LOSS
2025-10-17,QQQ,EMA21 Pullback,CALL,602.393310546875,620.82,588.57,WIN
2025-11-10,QQQ,EMA21 Pullback,CALL,621.6442260742188,641.51,606.74,LOSS
2025-11-18,QQQ,Lower BB Breakdown,PUT,594.792724609375,572.4,611.59,LOSS
2025-11-20,QQQ,Lower BB Breakdown,PUT,584.1798095703125,558.53,603.42,LOSS
2025-12-19,QQQ,EMA21 Pullback,CALL,615.4799194335938,632.38,602.81,UNKNOWN
2025-12-22,QQQ,EMA21 Pullback,CALL,618.4302368164062,635.16,605.88,UNKNOWN
2026-01-15,QQQ,EMA21 Pullback,CALL,620.9970092773438,634.94,610.54,LOSS
2026-01-29,QQQ,EMA21 Pullback,CALL,628.6373291015625,646.21,615.46,LOSS
2026-02-02,QQQ,EMA21 Pullback,CALL,625.3515014648438,643.57,611.69,LOSS
