timestamp,ticker,asset_type,trade_type,direction,setup,price,take_profit,stop_loss,confidence
2026-04-03 11:44:15,ETH-USD,crypto,⚡ CRYPTO TRADE,LONG 📈,Oversold Reversal,2052.844482421875,2075.08,2039.5,High
2026-04-03 11:51:31,BTC-USD,crypto,⚡ CRYPTO TRADE,LONG 📈,Oversold Reversal,66950.171875,67591.82,66565.18,High
2026-04-03 11:51:33,BNB-USD,crypto,⚡ CRYPTO TRADE,LONG 📈,Oversold Reversal,587.886962890625,592.52,585.11,High
2026-04-03 11:51:33,ETH-USD,crypto,⚡ CRYPTO TRADE,LONG 📈,Oversold Reversal,2052.104736328125,2074.34,2038.76,High
2026-04-03 11:52:39,ETH-USD,crypto,⚡ CRYPTO TRADE,LONG 📈,Oversold Reversal,2054.365966796875,2076.6,2041.03,High
2026-04-03 11:53:57,BNB-USD,crypto,⚡ CRYPTO TRADE,LONG 📈,Oversold Reversal,588.0847778320312,592.73,585.3,High
2026-04-03 11:53:59,ETH-USD,crypto,⚡ CRYPTO TRADE,LONG 📈,Oversold Reversal,2054.594970703125,2076.83,2041.25,High
2026-04-03 11:54:12,BNB-USD,crypto,⚡ CRYPTO TRADE,LONG 📈,Oversold Reversal,588.0847778320312,592.73,585.3,High
2026-04-03 12:00:25,BTC-USD,crypto,⚡ CRYPTO TRADE,LONG 📈,Oversold Reversal,67004.3671875,67655.88,66613.46,High
2026-04-03 12:00:27,BNB-USD,crypto,⚡ CRYPTO TRADE,LONG 📈,Oversold Reversal,588.4512939453125,593.17,585.62,High
2026-04-03 12:00:29,ETH-USD,crypto,⚡ CRYPTO TRADE,LONG 📈,Oversold Reversal,2054.69482421875,2077.03,2041.29,High
2026-04-03 12:05:52,BTC-USD,crypto,⚡ CRYPTO TRADE,LONG 📈,Oversold Reversal,66968.7109375,67588.08,66597.09,High
2026-04-03 12:05:55,BNB-USD,crypto,⚡ CRYPTO TRADE,LONG 📈,Oversold Reversal,588.6104125976562,593.09,585.92,High
2026-04-03 12:05:59,ETH-USD,crypto,⚡ CRYPTO TRADE,LONG 📈,Oversold Reversal,2052.9169921875,2074.45,2040.0,High
2026-04-03 12:08:26,BTC-USD,crypto,⚡ CRYPTO TRADE,LONG 📈,Oversold Reversal,66968.953125,67589.85,66596.41,High
2026-04-03 12:08:27,BNB-USD,crypto,⚡ CRYPTO TRADE,LONG 📈,Oversold Reversal,588.4395751953125,592.95,585.74,High
2026-04-03 12:08:29,ETH-USD,crypto,⚡ CRYPTO TRADE,LONG 📈,Oversold Reversal,2052.97119140625,2074.51,2040.05,High
2026-04-03 12:25:47,BTC-USD,crypto,⚡ CRYPTO TRADE,LONG 📈,Oversold Reversal,66860.4921875,67522.2,66463.47,High
2026-04-03 12:25:48,BNB-USD,crypto,⚡ CRYPTO TRADE,LONG 📈,Oversold Reversal,587.6329345703125,592.34,584.81,High
2026-04-03 12:25:49,ETH-USD,crypto,⚡ CRYPTO TRADE,LONG 📈,Oversold Reversal,2048.16455078125,2071.17,2034.36,High
