date,ticker,setup,direction,price,take_profit,stop_loss,outcome
2026-02-11 07:00,BTC-USD,Oversold Reversal,LONG,67004.359375,68422.7,66153.36,WIN
2026-02-11 11:00,BTC-USD,Oversold Reversal,LONG,67025.0234375,68233.81,66299.75,WIN
2026-02-11 15:00,BTC-USD,Oversold Reversal,LONG,66516.078125,68233.04,65485.9,WIN
2026-02-14 12:00,BTC-USD,Overbought Reversal,SHORT,69784.71875,68991.3,70260.77,UNKNOWN
2026-02-17 15:00,BTC-USD,Oversold Reversal,LONG,67354.390625,68653.05,66575.19,UNKNOWN
2026-02-23 02:00,BTC-USD,Oversold Reversal,LONG,64727.58984375,65895.64,64026.76,WIN
2026-02-23 03:00,BTC-USD,Oversold Reversal,LONG,64946.36328125,66097.17,64255.88,WIN
2026-02-24 04:00,BTC-USD,Oversold Reversal,LONG,63301.16015625,64783.46,62411.78,UNKNOWN
2026-02-24 13:00,BTC-USD,Oversold Reversal,LONG,62961.20703125,64227.31,62201.55,WIN
2026-02-25 15:00,BTC-USD,Overbought Reversal,SHORT,67273.5234375,66098.58,67978.49,LOSS
2026-02-25 21:00,BTC-USD,Overbought Reversal,SHORT,68883.7109375,67227.65,69877.35,UNKNOWN
2026-02-27 13:00,BTC-USD,Oversold Reversal,LONG,66173.640625,67358.3,65462.84,LOSS
2026-02-28 07:00,BTC-USD,Oversold Reversal,LONG,63853.66796875,65174.32,63061.28,WIN
2026-02-28 21:00,BTC-USD,Overbought Reversal,SHORT,66758.203125,65123.78,67738.85,LOSS
2026-03-03 12:00,BTC-USD,Oversold Reversal,LONG,67396.375,68739.65,66590.41,LOSS
2026-03-08 05:00,BTC-USD,Oversold Reversal,LONG,67171.09375,67954.02,66701.34,WIN
2026-03-09 00:00,BTC-USD,Oversold Reversal,LONG,66406.7734375,67719.7,65619.02,WIN
2026-03-09 14:00,BTC-USD,Overbought Reversal,SHORT,69149.828125,67514.98,70130.74,UNKNOWN
2026-03-13 14:00,BTC-USD,Overbought Reversal,SHORT,72419.109375,71077.19,73224.26,WIN
2026-03-16 06:00,BTC-USD,Overbought Reversal,SHORT,73748.71875,72165.96,74698.37,UNKNOWN
2026-03-22 00:00,BTC-USD,Oversold Reversal,LONG,68908.2109375,69707.01,68428.93,UNKNOWN
2026-03-22 01:00,BTC-USD,Oversold Reversal,LONG,68959.234375,69792.68,68459.17,UNKNOWN
2026-03-22 02:00,BTC-USD,Oversold Reversal,LONG,69313.6015625,70191.5,68786.86,LOSS
2026-03-22 12:00,BTC-USD,Oversold Reversal,LONG,68656.21875,69716.02,68020.34,UNKNOWN
2026-03-25 11:00,BTC-USD,Overbought Reversal,SHORT,71661.7578125,70757.13,72204.54,WIN
2026-03-26 13:00,BTC-USD,Oversold Reversal,LONG,69518.5390625,70426.46,68973.78,LOSS
2026-03-26 18:00,BTC-USD,Oversold Reversal,LONG,68417.5703125,69515.17,67759.01,UNKNOWN
2026-03-26 20:00,BTC-USD,Oversold Reversal,LONG,68958.2109375,70072.31,68289.75,LOSS
2026-03-27 11:00,BTC-USD,Oversold Reversal,LONG,66668.6796875,67805.41,65986.64,LOSS
2026-03-27 14:00,BTC-USD,Oversold Reversal,LONG,66175.203125,67393.34,65444.32,UNKNOWN
2026-03-30 13:00,BTC-USD,Overbought Reversal,SHORT,67478.3203125,66420.37,68113.09,WIN
2026-04-01 06:00,BTC-USD,Overbought Reversal,SHORT,69125.265625,67968.02,69819.61,UNKNOWN
2026-02-09 10:00,ETH-USD,Oversold Reversal,LONG,2020.6605224609375,2085.37,1981.83,WIN
2026-02-11 11:00,ETH-USD,Oversold Reversal,LONG,1952.75830078125,1992.37,1928.99,WIN
2026-02-14 12:00,ETH-USD,Overbought Reversal,SHORT,2072.9423828125,2044.66,2089.91,LOSS
2026-02-23 02:00,ETH-USD,Oversold Reversal,LONG,1862.1102294921875,1902.24,1838.03,WIN
2026-02-23 03:00,ETH-USD,Oversold Reversal,LONG,1863.0762939453125,1901.71,1839.9,WIN
2026-02-23 05:00,ETH-USD,Oversold Reversal,LONG,1865.203369140625,1904.11,1841.86,WIN
2026-02-25 15:00,ETH-USD,Overbought Reversal,SHORT,2010.1610107421875,1961.59,2039.31,LOSS
2026-02-27 13:00,ETH-USD,Oversold Reversal,LONG,1960.7911376953125,2009.53,1931.55,LOSS
2026-02-28 07:00,ETH-USD,Oversold Reversal,LONG,1867.3154296875,1917.23,1837.37,UNKNOWN
2026-03-01 03:00,ETH-USD,Overbought Reversal,SHORT,2019.8779296875,1951.54,2060.88,UNKNOWN
2026-03-03 11:00,ETH-USD,Oversold Reversal,LONG,1962.77734375,2010.71,1934.01,WIN
2026-03-16 06:00,ETH-USD,Overbought Reversal,SHORT,2261.353515625,2189.14,2304.68,UNKNOWN
2026-03-18 17:00,ETH-USD,Oversold Reversal,LONG,2203.81884765625,2258.09,2171.25,LOSS
2026-03-22 00:00,ETH-USD,Oversold Reversal,LONG,2086.3818359375,2120.4,2065.97,WIN
2026-03-22 01:00,ETH-USD,Oversold Reversal,LONG,2089.6455078125,2124.57,2068.69,WIN
2026-03-22 02:00,ETH-USD,Oversold Reversal,LONG,2103.9697265625,2141.35,2081.54,LOSS
2026-03-22 22:00,ETH-USD,Oversold Reversal,LONG,2061.3896484375,2097.62,2039.65,LOSS
2026-03-25 12:00,ETH-USD,Overbought Reversal,SHORT,2183.958740234375,2150.42,2204.08,WIN
2026-03-26 14:00,ETH-USD,Oversold Reversal,LONG,2077.1611328125,2115.43,2054.2,LOSS
2026-02-11 17:00,SOL-USD,Oversold Reversal,LONG,79.15570068359375,81.62,77.68,UNKNOWN
2026-02-14 12:00,SOL-USD,Overbought Reversal,SHORT,86.48313903808594,85.21,87.25,LOSS
2026-02-14 21:00,SOL-USD,Overbought Reversal,SHORT,87.89000701904297,86.26,88.87,LOSS
2026-02-15 04:00,SOL-USD,Overbought Reversal,SHORT,88.71965026855469,87.11,89.68,LOSS
2026-02-15 08:00,SOL-USD,Overbought Reversal,SHORT,89.61443328857422,87.53,90.87,WIN
2026-02-20 11:00,SOL-USD,Overbought Reversal,SHORT,83.6317138671875,82.38,84.38,WIN
2026-02-23 02:00,SOL-USD,Oversold Reversal,LONG,77.65988159179688,79.55,76.53,WIN
2026-02-23 03:00,SOL-USD,Oversold Reversal,LONG,77.87456512451172,79.75,76.75,WIN
2026-02-23 05:00,SOL-USD,Oversold Reversal,LONG,77.81946563720703,79.76,76.65,WIN
2026-02-25 15:00,SOL-USD,Overbought Reversal,SHORT,85.9836196899414,84.1,87.11,LOSS
2026-02-27 08:00,SOL-USD,Overbought Reversal,SHORT,87.58816528320312,86.22,88.41,WIN
2026-02-28 07:00,SOL-USD,Oversold Reversal,LONG,78.78411865234375,80.72,77.62,WIN
2026-03-08 05:00,SOL-USD,Oversold Reversal,LONG,82.55097198486328,83.71,81.85,WIN
2026-03-09 14:00,SOL-USD,Overbought Reversal,SHORT,85.33724975585938,83.12,86.67,LOSS
2026-03-15 23:00,SOL-USD,Overbought Reversal,SHORT,92.24237060546875,90.37,93.37,LOSS
2026-03-18 13:00,SOL-USD,Oversold Reversal,LONG,90.22835540771484,92.0,89.16,LOSS
2026-03-18 15:00,SOL-USD,Oversold Reversal,LONG,89.40083312988281,91.31,88.25,UNKNOWN
2026-03-22 00:00,SOL-USD,Oversold Reversal,LONG,87.25032043457031,88.38,86.57,WIN
2026-03-22 01:00,SOL-USD,Oversold Reversal,LONG,87.41170501708984,88.6,86.7,WIN
2026-03-22 02:00,SOL-USD,Oversold Reversal,LONG,88.21337127685547,89.51,87.43,LOSS
2026-03-22 22:00,SOL-USD,Oversold Reversal,LONG,86.71314239501953,87.87,86.02,LOSS
2026-03-23 15:00,SOL-USD,Overbought Reversal,SHORT,89.93484497070312,86.94,91.73,LOSS
2026-03-26 13:00,SOL-USD,Oversold Reversal,LONG,87.89009857177734,89.3,87.05,LOSS
2026-03-26 19:00,SOL-USD,Oversold Reversal,LONG,85.6622085571289,87.04,84.84,UNKNOWN
2026-03-29 18:00,SOL-USD,Oversold Reversal,LONG,81.7491455078125,82.64,81.22,LOSS
2026-02-07 12:00,BNB-USD,Oversold Reversal,LONG,638.0626831054688,652.73,629.26,WIN
2026-02-20 10:00,BNB-USD,Overbought Reversal,SHORT,612.3076171875,607.01,615.48,WIN
2026-02-23 02:00,BNB-USD,Oversold Reversal,LONG,587.117431640625,597.34,580.98,WIN
2026-02-23 03:00,BNB-USD,Oversold Reversal,LONG,590.523193359375,601.03,584.22,WIN
2026-02-24 15:00,BNB-USD,Oversold Reversal,LONG,585.499755859375,594.24,580.25,UNKNOWN
2026-02-25 15:00,BNB-USD,Overbought Reversal,SHORT,620.5999145507812,611.27,626.2,LOSS
2026-02-28 07:00,BNB-USD,Oversold Reversal,LONG,597.7449951171875,606.85,592.28,LOSS
2026-03-01 03:00,BNB-USD,Overbought Reversal,SHORT,628.8602294921875,618.03,635.36,UNKNOWN
2026-03-04 19:00,BNB-USD,Overbought Reversal,SHORT,663.7869873046875,652.48,670.57,UNKNOWN
2026-03-08 03:00,BNB-USD,Oversold Reversal,LONG,617.2017211914062,622.44,614.06,WIN
2026-03-09 14:00,BNB-USD,Overbought Reversal,SHORT,636.48974609375,625.25,643.23,UNKNOWN
2026-03-15 09:00,BNB-USD,Overbought Reversal,SHORT,663.6016845703125,658.52,666.65,WIN
2026-03-22 00:00,BNB-USD,Oversold Reversal,LONG,630.062255859375,635.22,626.97,WIN
2026-03-22 02:00,BNB-USD,Oversold Reversal,LONG,634.3001098632812,640.14,630.79,LOSS
2026-03-25 10:00,BNB-USD,Overbought Reversal,SHORT,646.927978515625,640.7,650.66,LOSS
2026-03-26 19:00,BNB-USD,Oversold Reversal,LONG,625.9898071289062,631.4,622.75,UNKNOWN
2026-03-27 11:00,BNB-USD,Oversold Reversal,LONG,611.1679077148438,618.96,606.49,LOSS
2026-03-27 14:00,BNB-USD,Oversold Reversal,LONG,608.7724609375,617.09,603.78,UNKNOWN
2026-03-29 23:00,BNB-USD,Oversold Reversal,LONG,605.7205810546875,611.7,602.14,WIN
2026-02-09 10:00,LINK-USD,Oversold Reversal,LONG,8.493675231933594,8.71,8.37,WIN
2026-02-11 07:00,LINK-USD,Oversold Reversal,LONG,8.333091735839844,8.5,8.23,LOSS
2026-02-18 22:00,LINK-USD,Oversold Reversal,LONG,8.575560569763184,8.76,8.46,UNKNOWN
2026-02-23 02:00,LINK-USD,Oversold Reversal,LONG,8.2138090133667,8.38,8.11,WIN
2026-02-25 15:00,LINK-USD,Overbought Reversal,SHORT,9.270959854125977,9.02,9.42,LOSS
2026-02-28 07:00,LINK-USD,Oversold Reversal,LONG,8.367276191711426,8.55,8.26,LOSS
2026-02-28 21:00,LINK-USD,Overbought Reversal,SHORT,8.804647445678711,8.57,8.94,LOSS
2026-03-01 03:00,LINK-USD,Overbought Reversal,SHORT,9.047701835632324,8.77,9.22,UNKNOWN
2026-03-04 11:00,LINK-USD,Overbought Reversal,SHORT,9.124390602111816,8.88,9.27,LOSS
2026-03-09 14:00,LINK-USD,Overbought Reversal,SHORT,8.936563491821289,8.72,9.07,LOSS
2026-03-15 00:00,LINK-USD,Overbought Reversal,SHORT,9.152643203735352,9.07,9.2,LOSS
2026-03-15 12:00,LINK-USD,Overbought Reversal,SHORT,9.2567777633667,9.15,9.32,WIN
2026-03-18 15:00,LINK-USD,Oversold Reversal,LONG,9.212101936340332,9.42,9.09,UNKNOWN
2026-03-18 17:00,LINK-USD,Oversold Reversal,LONG,9.234047889709473,9.46,9.1,UNKNOWN
2026-03-18 18:00,LINK-USD,Oversold Reversal,LONG,9.180218696594238,9.41,9.04,UNKNOWN
2026-03-22 00:00,LINK-USD,Oversold Reversal,LONG,8.848074913024902,8.97,8.78,UNKNOWN
2026-03-22 02:00,LINK-USD,Oversold Reversal,LONG,8.902305603027344,9.04,8.82,LOSS
2026-03-22 22:00,LINK-USD,Oversold Reversal,LONG,8.717485427856445,8.83,8.65,LOSS
2026-03-23 15:00,LINK-USD,Overbought Reversal,SHORT,9.044196128845215,8.76,9.22,UNKNOWN
2026-03-26 10:00,LINK-USD,Oversold Reversal,LONG,8.969401359558105,9.09,8.89,LOSS
2026-03-30 13:00,LINK-USD,Overbought Reversal,SHORT,8.846296310424805,8.69,8.94,WIN
2026-04-01 07:00,LINK-USD,Overbought Reversal,SHORT,9.058042526245117,8.9,9.15,UNKNOWN
2026-04-01 08:00,LINK-USD,Overbought Reversal,SHORT,9.067253112792969,8.92,9.16,UNKNOWN
2026-02-09 10:00,AVAX-USD,Oversold Reversal,LONG,8.760440826416016,8.98,8.63,WIN
2026-02-13 21:00,AVAX-USD,Overbought Reversal,SHORT,9.208123207092285,9.04,9.31,UNKNOWN
2026-02-14 20:00,AVAX-USD,Overbought Reversal,SHORT,9.582109451293945,9.41,9.69,LOSS
2026-02-14 22:00,AVAX-USD,Overbought Reversal,SHORT,9.661698341369629,9.49,9.77,WIN
2026-02-15 04:00,AVAX-USD,Overbought Reversal,SHORT,9.629714012145996,9.44,9.75,WIN
2026-02-20 08:00,AVAX-USD,Overbought Reversal,SHORT,9.237034797668457,9.11,9.31,LOSS
2026-02-20 10:00,AVAX-USD,Overbought Reversal,SHORT,9.231554985046387,9.08,9.32,WIN
2026-02-22 06:00,AVAX-USD,Oversold Reversal,LONG,9.007043838500977,9.12,8.94,LOSS
2026-02-22 13:00,AVAX-USD,Oversold Reversal,LONG,8.892889976501465,9.0,8.83,LOSS
2026-02-23 02:00,AVAX-USD,Oversold Reversal,LONG,8.413955688476562,8.59,8.31,WIN
2026-02-25 15:00,AVAX-USD,Overbought Reversal,SHORT,9.529288291931152,9.23,9.71,LOSS
2026-02-27 13:00,AVAX-USD,Oversold Reversal,LONG,9.002979278564453,9.17,8.9,LOSS
2026-02-28 07:00,AVAX-USD,Oversold Reversal,LONG,8.640774726867676,8.82,8.53,LOSS
2026-02-28 21:00,AVAX-USD,Overbought Reversal,SHORT,9.135868072509766,8.88,9.29,LOSS
2026-03-13 02:00,AVAX-USD,Overbought Reversal,SHORT,9.891021728515625,9.67,10.02,UNKNOWN
2026-03-13 05:00,AVAX-USD,Overbought Reversal,SHORT,9.955240249633789,9.74,10.08,LOSS
2026-03-15 00:00,AVAX-USD,Overbought Reversal,SHORT,9.694185256958008,9.62,9.74,LOSS
2026-03-15 03:00,AVAX-USD,Overbought Reversal,SHORT,9.71296215057373,9.62,9.77,LOSS
2026-03-18 17:00,AVAX-USD,Oversold Reversal,LONG,9.62232494354248,9.85,9.49,UNKNOWN
2026-03-22 00:00,AVAX-USD,Oversold Reversal,LONG,9.2252197265625,9.36,9.15,LOSS
2026-03-22 01:00,AVAX-USD,Oversold Reversal,LONG,9.228558540344238,9.36,9.15,LOSS
2026-03-22 13:00,AVAX-USD,Oversold Reversal,LONG,9.105576515197754,9.23,9.03,LOSS
2026-03-22 20:00,AVAX-USD,Oversold Reversal,LONG,8.980010986328125,9.09,8.92,LOSS
2026-03-22 21:00,AVAX-USD,Oversold Reversal,LONG,8.967227935791016,9.08,8.9,WIN
2026-03-22 22:00,AVAX-USD,Oversold Reversal,LONG,9.048352241516113,9.17,8.98,UNKNOWN
2026-03-23 14:00,AVAX-USD,Overbought Reversal,SHORT,9.621464729309082,9.35,9.79,UNKNOWN
2026-03-25 10:00,AVAX-USD,Overbought Reversal,SHORT,9.723562240600586,9.62,9.79,WIN
2026-03-25 12:00,AVAX-USD,Overbought Reversal,SHORT,9.724306106567383,9.6,9.8,UNKNOWN
2026-03-26 19:00,AVAX-USD,Oversold Reversal,LONG,9.018694877624512,9.15,8.94,UNKNOWN
2026-03-27 11:00,AVAX-USD,Oversold Reversal,LONG,8.751696586608887,8.9,8.67,UNKNOWN
2026-03-29 09:00,AVAX-USD,Oversold Reversal,LONG,8.71979808807373,8.8,8.67,LOSS
2026-03-29 11:00,AVAX-USD,Oversold Reversal,LONG,8.725394248962402,8.81,8.68,LOSS
2026-03-29 20:00,AVAX-USD,Oversold Reversal,LONG,8.637690544128418,8.73,8.58,LOSS
2026-04-02 03:00,AVAX-USD,Oversold Reversal,LONG,8.759584426879883,8.95,8.65,LOSS
2026-02-12 11:00,ADA-USD,Overbought Reversal,SHORT,0.2672366499900818,0.26,0.27,WIN
2026-02-14 17:00,ADA-USD,Overbought Reversal,SHORT,0.28991231322288513,0.28,0.29,LOSS
2026-02-14 21:00,ADA-USD,Overbought Reversal,SHORT,0.29589059948921204,0.29,0.3,LOSS
2026-02-22 06:00,ADA-USD,Oversold Reversal,LONG,0.2765577435493469,0.28,0.27,UNKNOWN
2026-02-22 22:00,ADA-USD,Oversold Reversal,LONG,0.27163752913475037,0.27,0.27,WIN
2026-02-23 02:00,ADA-USD,Oversold Reversal,LONG,0.2600061297416687,0.26,0.26,WIN
2026-02-25 15:00,ADA-USD,Overbought Reversal,SHORT,0.29120707511901855,0.28,0.3,LOSS
2026-02-28 07:00,ADA-USD,Oversold Reversal,LONG,0.26550424098968506,0.27,0.26,UNKNOWN
2026-03-03 11:00,ADA-USD,Oversold Reversal,LONG,0.264716774225235,0.27,0.26,WIN
2026-03-13 06:00,ADA-USD,Overbought Reversal,SHORT,0.2721807360649109,0.27,0.28,LOSS
2026-03-16 07:00,ADA-USD,Overbought Reversal,SHORT,0.29035595059394836,0.28,0.3,UNKNOWN
2026-03-18 15:00,ADA-USD,Oversold Reversal,LONG,0.2720593214035034,0.28,0.27,UNKNOWN
2026-03-20 21:00,ADA-USD,Oversold Reversal,LONG,0.2656022310256958,0.27,0.26,UNKNOWN
2026-03-22 22:00,ADA-USD,Oversold Reversal,LONG,0.25196582078933716,0.26,0.25,LOSS
2026-03-23 15:00,ADA-USD,Overbought Reversal,SHORT,0.2614396810531616,0.25,0.27,UNKNOWN
2026-03-25 10:00,ADA-USD,Overbought Reversal,SHORT,0.2724626958370209,0.27,0.27,LOSS
2026-03-25 11:00,ADA-USD,Overbought Reversal,SHORT,0.27274757623672485,0.27,0.28,WIN
2026-03-26 18:00,ADA-USD,Oversold Reversal,LONG,0.2537354528903961,0.26,0.25,UNKNOWN
2026-03-26 19:00,ADA-USD,Oversold Reversal,LONG,0.25378090143203735,0.26,0.25,UNKNOWN
2026-03-29 11:00,ADA-USD,Oversold Reversal,LONG,0.24367085099220276,0.25,0.24,LOSS
2026-03-29 20:00,ADA-USD,Oversold Reversal,LONG,0.2403763085603714,0.24,0.24,WIN
2026-02-11 07:00,XRP-USD,Oversold Reversal,LONG,1.3685781955718994,1.4,1.35,WIN
2026-02-14 20:00,XRP-USD,Overbought Reversal,SHORT,1.494249701499939,1.46,1.51,LOSS
2026-02-14 21:00,XRP-USD,Overbought Reversal,SHORT,1.4972820281982422,1.46,1.52,LOSS
2026-02-15 01:00,XRP-USD,Overbought Reversal,SHORT,1.526700496673584,1.49,1.55,LOSS
2026-02-15 04:00,XRP-USD,Overbought Reversal,SHORT,1.543276309967041,1.51,1.56,LOSS
2026-02-15 06:00,XRP-USD,Overbought Reversal,SHORT,1.5790935754776,1.54,1.6,LOSS
2026-02-15 08:00,XRP-USD,Overbought Reversal,SHORT,1.6173713207244873,1.56,1.65,WIN
2026-02-18 23:00,XRP-USD,Oversold Reversal,LONG,1.4216320514678955,1.45,1.4,UNKNOWN
2026-02-22 05:00,XRP-USD,Oversold Reversal,LONG,1.4191770553588867,1.43,1.41,LOSS
2026-02-22 21:00,XRP-USD,Oversold Reversal,LONG,1.3910936117172241,1.41,1.38,LOSS
2026-02-23 02:00,XRP-USD,Oversold Reversal,LONG,1.3405802249908447,1.37,1.33,WIN
2026-02-25 02:00,XRP-USD,Overbought Reversal,SHORT,1.3818752765655518,1.35,1.4,UNKNOWN
2026-02-25 15:00,XRP-USD,Overbought Reversal,SHORT,1.4396158456802368,1.41,1.46,LOSS
2026-02-28 07:00,XRP-USD,Oversold Reversal,LONG,1.3052829504013062,1.33,1.29,LOSS
2026-03-01 03:00,XRP-USD,Overbought Reversal,SHORT,1.4172755479812622,1.37,1.44,UNKNOWN
2026-03-03 11:00,XRP-USD,Oversold Reversal,LONG,1.3528082370758057,1.37,1.34,WIN
2026-03-04 10:00,XRP-USD,Overbought Reversal,SHORT,1.4035040140151978,1.37,1.42,LOSS
2026-03-04 16:00,XRP-USD,Overbought Reversal,SHORT,1.450986385345459,1.41,1.48,UNKNOWN
2026-03-06 18:00,XRP-USD,Oversold Reversal,LONG,1.3591614961624146,1.38,1.34,UNKNOWN
2026-03-15 05:00,XRP-USD,Overbought Reversal,SHORT,1.4155635833740234,1.4,1.42,LOSS
2026-03-15 23:00,XRP-USD,Overbought Reversal,SHORT,1.447487235069275,1.42,1.46,LOSS
2026-03-22 00:00,XRP-USD,Oversold Reversal,LONG,1.4111696481704712,1.43,1.4,LOSS
2026-03-22 11:00,XRP-USD,Oversold Reversal,LONG,1.391641616821289,1.41,1.38,UNKNOWN
2026-03-23 15:00,XRP-USD,Overbought Reversal,SHORT,1.4342974424362183,1.39,1.46,UNKNOWN
2026-03-26 07:00,XRP-USD,Oversold Reversal,LONG,1.3854560852050781,1.4,1.38,LOSS
2026-03-26 13:00,XRP-USD,Oversold Reversal,LONG,1.3781181573867798,1.39,1.37,LOSS
2026-03-26 19:00,XRP-USD,Oversold Reversal,LONG,1.3491753339767456,1.37,1.34,WIN
